{
    "accelerate": {"half": [
            0.0003897630181147674,
            0.0007988974622913285,
            0.0008901944134069948,
            0.0009155269875848388
        ], "single": [
            0.0009366109168059266,
            0.048108430518826635,
            0.7185173750702091,
            1.6544931160822476,
            1.6205203909662875,
            1.7822035291440472,
            1.8806125368272157
        ], "double": [
            0.000882076378918813,
            0.04073269987173528,
            0.26478096399673295,
            0.18433912595829846,
            0.4816400103055991,
            0.48916334161736597,
            0.4848700180658328
        ]
    },
    "conda": {"half": [
            0.0004086090335171735,
            0.0007833152388493036,
            0.0008936913893769335,
            0.0009153378402719813
        ], "single": [
            0.0008428598413216323,
            0.03001222917751158,
            0.029794094597927038,
            0.21241762959167187,
            0.3115874609923424,
            0.5220699870496306,
            0.6583468684606189
        ], "double": [
            0.0009585731018455054,
            0.022396715194529047,
            0.027538228915790323,
            0.10572746628637483,
            0.15382330837942235,
            0.23262375994959952,
            0.34587526675926544
        ]
    },
    "5600X": {"half": [0.00031649555969477194, 0.0004429624521242473, 0.00045176385345831893, 0.00044767032955241005], "single": [0.0011210651516223768, 0.015541673831895262, 0.12345566497930834, 0.5221033398595432, 0.6046894962441699, 0.5845300434203303, 0.6110631719306876], "double": [0.0011714019415191097, 0.022773220615166543, 0.09975733137255229, 0.25551323506984097, 0.24554081069186384, 0.26428016260262405, 0.24886588067378393]}
}